{
    "fx": 613.613525390625,
    "fy": 612.9201049804688,
    "cx": 312.96014404296875,
    "cy": 237.85255432128906,
    "width": 640,
    "height": 480,
    "depth_scale": 0.0010000000474974513
}